Year,Conf,Team,Wins,Loss,Prorated Win,Salary,cost per win,champ,Finals,playoffs,,,,,,,,,
2021,Southeast,Atlanta Hawks,41,31,47,"$124,876,549 ","$2,674,334.18 ",0,0,1,,,,,,,,,
2021,Atlantic,Boston Celtics,36,36,41,"$139,125,550 ","$3,393,306.10 ",0,0,1,,,,,,,,,
2021,Atlantic,Brooklyn Nets,48,24,55,"$170,139,057 ","$3,112,299.82 ",0,0,1,,,,,,,,,
2021,Southeast,Charlotte Hornets,33,39,38,"$85,507,421 ","$2,275,142.02 ",0,0,0,,,,,,,,,
2021,Central,Chicago Bulls,31,41,35,"$153,449,600 ","$4,346,330.13 ",0,0,0,,,,,,,,,
2021,Central,Cleveland Cavaliers,22,50,25,"$122,551,704 ","$4,891,198.83 ",0,0,0,,,,,,,,,
2021,Southwest,Dallas Mavericks,42,30,48,"$110,334,054 ","$2,306,635.28 ",0,0,1,,,,,,,,,
2021,Northwest,Denver Nuggets,47,25,54,"$133,342,005 ","$2,491,080.53 ",0,0,1,,,,,,,,,
2021,Central,Detroit Pistons,20,52,23,"$67,309,165 ","$2,955,036.51 ",0,0,0,,,,,,,,,
2021,Pacific,Golden State Warriors,39,33,44,"$173,834,022 ","$3,913,711.56 ",0,0,0,,,,,,,,,
2021,Southwest,Houston Rockets,17,55,19,"$115,816,827 ","$5,981,930.81 ",0,0,0,,,,,,,,,
2021,Central,Indiana Pacers,34,38,39,"$135,483,269 ","$3,498,850.56 ",0,0,0,,,,,,,,,
2021,Pacific,Los Angeles Clippers,47,25,54,"$115,816,421 ","$2,163,669.52 ",0,0,1,,,,,,,,,
2021,Pacific,Los Angeles Lakers,42,30,48,"$139,764,317 ","$2,921,902.10 ",0,0,1,,,,,,,,,
2021,Southwest,Memphis Grizzlies,38,34,43,"$84,636,048 ","$1,955,646.81 ",0,0,1,,,,,,,,,
2021,Southeast,Miami Heat,40,32,46,"$144,492,441 ","$3,171,785.29 ",0,0,1,,,,,,,,,
2021,Central,Milwaukee Bucks,46,26,52,"$144,345,602 ","$2,755,271.30 ",1,1,1,,,,,,,,,
2021,Northwest,Minnesota Timberwolves,23,49,26,"$126,465,754 ","$4,827,960.92 ",0,0,0,,,,,,,,,
2021,Southwest,New Orleans Pelicans,31,41,35,"$105,355,449 ","$2,984,103.98 ",0,0,0,,,,,,,,,
2021,Atlantic,New York Knicks,41,31,47,"$101,455,613 ","$2,172,755.54 ",0,0,1,,,,,,,,,
2021,Northwest,Oklahoma City Thunder,22,50,25,"$75,580,744 ","$3,016,526.37 ",0,0,0,,,,,,,,,
2021,Southeast,Orlando Magic,21,51,24,"$112,125,316 ","$4,688,166.52 ",0,0,0,,,,,,,,,
2021,Atlantic,Philadelphia 76ers,49,23,56,"$133,396,466 ","$2,390,379.68 ",0,0,1,,,,,,,,,
2021,Pacific,Phoenix Suns,51,21,58,"$118,267,087 ","$2,036,162.19 ",0,1,1,,,,,,,,,
2021,Northwest,Portland Trail Blazers,42,30,48,"$133,203,283 ","$2,784,737.62 ",0,0,1,,,,,,,,,
2021,Pacific,Sacramento Kings,31,41,35,"$128,850,191 ","$3,649,572.68 ",0,0,0,,,,,,,,,
2021,Southwest,San Antonio Spurs,33,39,38,"$76,743,544 ","$2,041,956.82 ",0,0,0,,,,,,,,,
2021,Atlantic,Toronto Raptors,27,45,31,"$97,766,775 ","$3,179,407.32 ",0,0,0,,,,,,,,,
2021,Northwest,Utah Jazz,52,20,59,"$145,826,895 ","$2,462,367.83 ",0,0,1,,,,,,,,,
2021,Southeast,Washington Wizards,34,38,39,"$141,693,136 ","$3,659,220.15 ",0,0,1,,,,,,,,,
2020,Southeast,Atlanta Hawks,20,47,24,"$115,950,371 ","$4,736,996.86 ",0,0,,,,,,,,,,
2020,Atlantic,Boston Celtics,48,24,55,"$127,429,245 ","$2,331,022.77 ",0,0,,,,,,,,,,
2020,Atlantic,Brooklyn Nets,35,37,40,"$163,724,180 ","$4,107,366.19 ",0,0,,,,,,,,,,
2020,Southeast,Charlotte Hornets,23,42,29,"$98,277,101 ","$3,387,068.70 ",0,0,,,,,,,,,,
2020,Central,Chicago Bulls,22,43,28,"$127,968,089 ","$4,610,823.61 ",0,0,,,,,,,,,,
2020,Central,Cleveland Cavaliers,19,46,24,"$95,972,309 ","$4,003,979.52 ",0,0,,,,,,,,,,
2020,Southwest,Dallas Mavericks,43,32,47,"$124,194,840 ","$2,641,693.99 ",0,0,,,,,,,,,,
2020,Northwest,Denver Nuggets,46,27,52,"$126,468,408 ","$2,447,559.33 ",0,0,,,,,,,,,,
2020,Central,Detroit Pistons,20,46,25,"$76,373,096 ","$3,073,551.42 ",0,0,,,,,,,,,,
2020,Pacific,Golden State Warriors,15,50,19,"$168,323,849 ","$8,895,162.75 ",0,0,,,,,,,,,,
2020,Southwest,Houston Rockets,44,28,50,"$122,058,089 ","$2,435,749.00 ",0,0,,,,,,,,,,
2020,Central,Indiana Pacers,45,28,51,"$124,750,319 ","$2,467,960.24 ",0,0,,,,,,,,,,
2020,Pacific,Los Angeles Clippers,49,23,56,"$137,010,779 ","$2,455,145.87 ",0,0,,,,,,,,,,
2020,Pacific,Los Angeles Lakers,52,19,60,"$129,314,031 ","$2,153,212.05 ",1,1,,,,,,,,,,
2020,Southwest,Memphis Grizzlies,34,39,38,"$96,358,089 ","$2,523,005.92 ",0,0,,,,,,,,,,
2020,Southeast,Miami Heat,44,29,49,"$126,781,448 ","$2,565,145.71 ",0,1,,,,,,,,,,
2020,Central,Milwaukee Bucks,56,17,63,"$126,429,087 ","$2,009,870.07 ",0,0,,,,,,,,,,
2020,Northwest,Minnesota Timberwolves,19,45,24,"$128,339,053 ","$5,271,950.83 ",0,0,,,,,,,,,,
2020,Southwest,New Orleans Pelicans,30,42,34,"$131,561,774 ","$3,850,588.51 ",0,0,,,,,,,,,,
2020,Atlantic,New York Knicks,21,45,26,"$81,511,334 ","$3,124,127.78 ",0,0,,,,,,,,,,
2020,Northwest,Oklahoma City Thunder,44,28,50,"$59,343,071 ","$1,184,229.80 ",0,0,,,,,,,,,,
2020,Southeast,Orlando Magic,33,40,37,"$109,375,123 ","$2,950,622.31 ",0,0,,,,,,,,,,
2020,Atlantic,Philadelphia 76ers,43,30,48,"$144,293,484 ","$2,987,358.01 ",0,0,,,,,,,,,,
2020,Pacific,Phoenix Suns,34,39,38,"$126,329,911 ","$3,307,777.44 ",0,0,,,,,,,,,,
2020,Northwest,Portland Trail Blazers,35,39,39,"$125,356,909 ","$3,232,199.05 ",0,0,,,,,,,,,,
2020,Pacific,Sacramento Kings,31,41,35,"$93,989,320 ","$2,662,167.99 ",0,0,,,,,,,,,,
2020,Southwest,San Antonio Spurs,32,39,37,"$104,117,063 ","$2,817,191.87 ",0,0,,,,,,,,,,
2020,Atlantic,Toronto Raptors,53,19,60,"$121,290,132 ","$2,009,408.54 ",0,0,,,,,,,,,,
2020,Northwest,Utah Jazz,44,28,50,"$135,529,368 ","$2,704,577.19 ",0,0,,,,,,,,,,
2020,Southeast,Washington Wizards,25,47,28,"$126,243,515 ","$4,433,918.58 ",0,0,,,,,,,,,,
2019,Southeast,Atlanta Hawks,29,53,29,"$82,491,624 ","$2,844,538.76 ",0,0,,,,,,,,,,
2019,Atlantic,Boston Celtics,49,33,49,"$116,889,734 ","$2,385,504.78 ",0,0,,,,,,,,,,
2019,Atlantic,Brooklyn Nets,42,40,42,"$94,820,578 ","$2,257,632.81 ",0,0,,,,,,,,,,
2019,Southeast,Charlotte Hornets,39,43,39,"$97,765,606 ","$2,506,810.41 ",0,0,,,,,,,,,,
2019,Central,Chicago Bulls,22,60,22,"$111,720,511 ","$5,078,205.05 ",0,0,,,,,,,,,,
2019,Central,Cleveland Cavaliers,19,63,19,"$129,260,620 ","$6,803,190.53 ",0,0,,,,,,,,,,
2019,Southwest,Dallas Mavericks,33,49,33,"$117,553,325 ","$3,562,221.97 ",0,0,,,,,,,,,,
2019,Northwest,Denver Nuggets,54,28,54,"$128,193,401 ","$2,373,951.87 ",0,0,,,,,,,,,,
2019,Central,Detroit Pistons,41,41,41,"$104,275,681 ","$2,543,309.29 ",0,0,,,,,,,,,,
2019,Pacific,Golden State Warriors,57,25,57,"$130,342,231 ","$2,286,705.81 ",0,1,,,,,,,,,,
2019,Southwest,Houston Rockets,53,29,53,"$124,493,840 ","$2,348,940.38 ",0,0,,,,,,,,,,
2019,Central,Indiana Pacers,48,34,48,"$112,346,544 ","$2,340,553.00 ",0,0,,,,,,,,,,
2019,Pacific,Los Angeles Clippers,48,34,48,"$128,442,811 ","$2,675,891.90 ",0,0,,,,,,,,,,
2019,Pacific,Los Angeles Lakers,37,45,37,"$107,807,481 ","$2,913,715.70 ",0,0,,,,,,,,,,
2019,Southwest,Memphis Grizzlies,33,49,33,"$97,524,703 ","$2,955,294.03 ",0,0,,,,,,,,,,
2019,Southeast,Miami Heat,39,43,39,"$128,951,102 ","$3,306,438.51 ",0,0,,,,,,,,,,
2019,Central,Milwaukee Bucks,60,22,60,"$120,683,725 ","$2,011,395.42 ",0,0,,,,,,,,,,
2019,Northwest,Minnesota Timberwolves,36,46,36,"$114,357,931 ","$3,176,609.19 ",0,0,,,,,,,,,,
2019,Southwest,New Orleans Pelicans,33,49,33,"$117,797,425 ","$3,569,618.94 ",0,0,,,,,,,,,,
2019,Atlantic,New York Knicks,17,65,17,"$100,220,276 ","$5,895,310.35 ",0,0,,,,,,,,,,
2019,Northwest,Oklahoma City Thunder,49,33,49,"$131,847,446 ","$2,690,764.20 ",0,0,,,,,,,,,,
2019,Southeast,Orlando Magic,42,40,42,"$125,365,088 ","$2,984,883.05 ",0,0,,,,,,,,,,
2019,Atlantic,Philadelphia 76ers,51,31,51,"$126,594,115 ","$2,482,237.55 ",0,0,,,,,,,,,,
2019,Pacific,Phoenix Suns,19,63,19,"$98,005,821 ","$5,158,201.11 ",0,0,,,,,,,,,,
2019,Northwest,Portland Trail Blazers,53,29,53,"$131,037,504 ","$2,472,405.74 ",0,0,,,,,,,,,,
2019,Pacific,Sacramento Kings,39,43,39,"$112,819,088 ","$2,892,797.13 ",0,0,,,,,,,,,,
2019,Southwest,San Antonio Spurs,48,34,48,"$111,915,368 ","$2,331,570.17 ",0,0,,,,,,,,,,
2019,Atlantic,Toronto Raptors,58,24,58,"$125,463,535 ","$2,163,164.40 ",1,1,,,,,,,,,,
2019,Northwest,Utah Jazz,50,32,50,"$119,985,153 ","$2,399,703.06 ",0,0,,,,,,,,,,
2019,Southeast,Washington Wizards,32,50,32,"$87,153,787 ","$2,723,555.84 ",0,0,,,,,,,,,,
2018,Southeast,Atlanta Hawks,24,58,24,"$62,166,838 ","$2,590,284.92 ",0,0,,,,,,,,,,
2018,Atlantic,Boston Celtics,55,27,55,"$126,135,234 ","$2,293,367.89 ",0,0,,,,,,,,,,
2018,Atlantic,Brooklyn Nets,28,54,28,"$77,805,720 ","$2,778,775.71 ",0,0,,,,,,,,,,
2018,Southeast,Charlotte Hornets,36,46,36,"$121,810,182 ","$3,383,616.17 ",0,0,,,,,,,,,,
2018,Central,Chicago Bulls,27,55,27,"$93,022,110 ","$3,445,263.33 ",0,0,,,,,,,,,,
2018,Central,Cleveland Cavaliers,50,32,50,"$122,168,064 ","$2,443,361.28 ",0,1,,,,,,,,,,
2018,Southwest,Dallas Mavericks,24,58,24,"$74,347,737 ","$3,097,822.38 ",0,0,,,,,,,,,,
2018,Northwest,Denver Nuggets,46,36,46,"$116,453,842 ","$2,531,605.26 ",0,0,,,,,,,,,,
2018,Central,Detroit Pistons,39,43,39,"$116,292,254 ","$2,981,852.67 ",0,0,,,,,,,,,,
2018,Pacific,Golden State Warriors,58,24,58,"$144,517,971 ","$2,491,689.16 ",1,1,,,,,,,,,,
2018,Southwest,Houston Rockets,65,17,65,"$120,763,311 ","$1,857,897.09 ",0,0,,,,,,,,,,
2018,Central,Indiana Pacers,48,34,48,"$99,581,987 ","$2,074,624.73 ",0,0,,,,,,,,,,
2018,Pacific,Los Angeles Clippers,42,40,42,"$83,224,562 ","$1,981,537.19 ",0,0,,,,,,,,,,
2018,Pacific,Los Angeles Lakers,35,47,35,"$90,654,646 ","$2,590,132.74 ",0,0,,,,,,,,,,
2018,Southwest,Memphis Grizzlies,22,60,22,"$119,619,058 ","$5,437,229.91 ",0,0,,,,,,,,,,
2018,Southeast,Miami Heat,44,38,44,"$122,657,637 ","$2,787,673.57 ",0,0,,,,,,,,,,
2018,Central,Milwaukee Bucks,44,38,44,"$114,955,757 ","$2,612,630.84 ",0,0,,,,,,,,,,
2018,Northwest,Minnesota Timberwolves,47,35,47,"$117,388,804 ","$2,497,634.13 ",0,0,,,,,,,,,,
2018,Southwest,New Orleans Pelicans,48,34,48,"$99,636,769 ","$2,075,766.02 ",0,0,,,,,,,,,,
2018,Atlantic,New York Knicks,29,53,29,"$62,775,458 ","$2,164,670.97 ",0,0,,,,,,,,,,
2018,Northwest,Oklahoma City Thunder,48,34,48,"$138,111,761 ","$2,877,328.35 ",0,0,,,,,,,,,,
2018,Southeast,Orlando Magic,25,57,25,"$112,686,749 ","$4,507,469.96 ",0,0,,,,,,,,,,
2018,Atlantic,Philadelphia 76ers,52,30,52,"$107,554,205 ","$2,068,350.10 ",0,0,,,,,,,,,,
2018,Pacific,Phoenix Suns,21,61,21,"$68,854,080 ","$3,278,765.71 ",0,0,,,,,,,,,,
2018,Northwest,Portland Trail Blazers,49,33,49,"$128,004,910 ","$2,612,345.10 ",0,0,,,,,,,,,,
2018,Pacific,Sacramento Kings,27,55,27,"$92,287,612 ","$3,418,059.70 ",0,0,,,,,,,,,,
2018,Southwest,San Antonio Spurs,47,35,47,"$101,438,941 ","$2,158,275.34 ",0,0,,,,,,,,,,
2018,Atlantic,Toronto Raptors,59,23,59,"$135,355,561 ","$2,294,162.05 ",0,0,,,,,,,,,,
2018,Northwest,Utah Jazz,48,34,48,"$113,437,858 ","$2,363,288.71 ",0,0,,,,,,,,,,
2018,Southeast,Washington Wizards,43,39,43,"$115,917,170 ","$2,695,748.14 ",0,0,,,,,,,,,,
2017,Southeast,Atlanta Hawks,43,39,43,"$67,426,026 ","$1,568,047.12 ",0,0,,,,,,,,,,
2017,Atlantic,Boston Celtics,53,29,53,"$115,481,314 ","$2,178,892.72 ",0,0,,,,,,,,,,
2017,Atlantic,Brooklyn Nets,20,62,20,"$89,124,239 ","$4,456,211.95 ",0,0,,,,,,,,,,
2017,Southeast,Charlotte Hornets,36,46,36,"$117,228,164 ","$3,256,337.89 ",0,0,,,,,,,,,,
2017,Central,Chicago Bulls,41,41,41,"$63,826,969 ","$1,556,755.34 ",0,0,,,,,,,,,,
2017,Central,Cleveland Cavaliers,51,31,51,"$135,777,082 ","$2,662,295.73 ",0,1,,,,,,,,,,
2017,Southwest,Dallas Mavericks,33,49,33,"$78,243,993 ","$2,371,030.09 ",0,0,,,,,,,,,,
2017,Northwest,Denver Nuggets,40,42,40,"$101,779,153 ","$2,544,478.83 ",0,0,,,,,,,,,,
2017,Central,Detroit Pistons,37,45,37,"$113,040,993 ","$3,055,161.97 ",0,0,,,,,,,,,,
2017,Pacific,Golden State Warriors,67,15,67,"$133,611,005 ","$1,994,194.10 ",1,1,,,,,,,,,,
2017,Southwest,Houston Rockets,55,27,55,"$114,484,312 ","$2,081,532.95 ",0,0,,,,,,,,,,
2017,Central,Indiana Pacers,42,40,42,"$90,081,320 ","$2,144,793.33 ",0,0,,,,,,,,,,
2017,Pacific,Los Angeles Clippers,51,31,51,"$116,141,747 ","$2,277,289.16 ",0,0,,,,,,,,,,
2017,Pacific,Los Angeles Lakers,26,56,26,"$93,848,506 ","$3,609,557.92 ",0,0,,,,,,,,,,
2017,Southwest,Memphis Grizzlies,43,39,43,"$100,033,826 ","$2,326,368.05 ",0,0,,,,,,,,,,
2017,Southeast,Miami Heat,41,41,41,"$103,753,306 ","$2,530,568.44 ",0,0,,,,,,,,,,
2017,Central,Milwaukee Bucks,42,40,42,"$100,039,227 ","$2,381,886.36 ",0,0,,,,,,,,,,
2017,Northwest,Minnesota Timberwolves,31,51,31,"$102,739,777 ","$3,314,186.35 ",0,0,,,,,,,,,,
2017,Southwest,New Orleans Pelicans,34,48,34,"$115,907,328 ","$3,409,039.06 ",0,0,,,,,,,,,,
2017,Atlantic,New York Knicks,31,51,31,"$98,086,116 ","$3,164,068.26 ",0,0,,,,,,,,,,
2017,Northwest,Oklahoma City Thunder,47,35,47,"$130,477,891 ","$2,776,125.34 ",0,0,,,,,,,,,,
2017,Southeast,Orlando Magic,29,53,29,"$94,946,559 ","$3,274,019.28 ",0,0,,,,,,,,,,
2017,Atlantic,Philadelphia 76ers,28,54,28,"$89,638,648 ","$3,201,380.29 ",0,0,,,,,,,,,,
2017,Pacific,Phoenix Suns,24,58,24,"$74,114,136 ","$3,088,089.00 ",0,0,,,,,,,,,,
2017,Northwest,Portland Trail Blazers,41,41,41,"$114,016,865 ","$2,780,899.15 ",0,0,,,,,,,,,,
2017,Pacific,Sacramento Kings,32,50,32,"$77,725,702 ","$2,428,928.19 ",0,0,,,,,,,,,,
2017,Southwest,San Antonio Spurs,61,21,61,"$114,051,642 ","$1,869,699.05 ",0,0,,,,,,,,,,
2017,Atlantic,Toronto Raptors,51,31,51,"$115,391,026 ","$2,262,569.14 ",0,0,,,,,,,,,,
2017,Northwest,Utah Jazz,51,31,51,"$103,837,783 ","$2,036,034.96 ",0,0,,,,,,,,,,
2017,Southeast,Washington Wizards,49,33,49,"$122,840,421 ","$2,506,947.37 ",0,0,,,,,,,,,,
2016,Southeast,Atlanta Hawks,48,34,48,"$92,928,845 ","$1,936,017.60 ",0,0,,,,,,,,,,
2016,Atlantic,Boston Celtics,48,34,48,"$91,484,921 ","$1,905,935.85 ",0,0,,,,,,,,,,
2016,Atlantic,Brooklyn Nets,21,61,21,"$65,405,906 ","$3,114,566.95 ",0,0,,,,,,,,,,
2016,Southeast,Charlotte Hornets,48,34,48,"$100,201,483 ","$2,087,530.90 ",0,0,,,,,,,,,,
2016,Central,Chicago Bulls,42,40,42,"$92,786,833 ","$2,209,210.31 ",0,0,,,,,,,,,,
2016,Central,Cleveland Cavaliers,57,25,57,"$125,132,604 ","$2,195,308.84 ",1,1,,,,,,,,,,
2016,Southwest,Dallas Mavericks,42,40,42,"$93,538,029 ","$2,227,095.93 ",0,0,,,,,,,,,,
2016,Northwest,Denver Nuggets,33,49,33,"$78,416,141 ","$2,376,246.70 ",0,0,,,,,,,,,,
2016,Central,Detroit Pistons,44,38,44,"$102,503,259 ","$2,329,619.52 ",0,0,,,,,,,,,,
2016,Pacific,Golden State Warriors,73,9,73,"$97,520,106 ","$1,335,891.86 ",0,1,,,,,,,,,,
2016,Southwest,Houston Rockets,41,41,41,"$88,025,448 ","$2,146,962.15 ",0,0,,,,,,,,,,
2016,Central,Indiana Pacers,45,37,45,"$85,614,337 ","$1,902,540.82 ",0,0,,,,,,,,,,
2016,Pacific,Los Angeles Clippers,53,29,53,"$114,094,528 ","$2,152,726.94 ",0,0,,,,,,,,,,
2016,Pacific,Los Angeles Lakers,17,65,17,"$85,639,596 ","$5,037,623.29 ",0,0,,,,,,,,,,
2016,Southwest,Memphis Grizzlies,42,40,42,"$108,352,164 ","$2,579,813.43 ",0,0,,,,,,,,,,
2016,Southeast,Miami Heat,48,34,48,"$96,523,509 ","$2,010,906.44 ",0,0,,,,,,,,,,
2016,Central,Milwaukee Bucks,33,49,33,"$89,559,893 ","$2,713,936.15 ",0,0,,,,,,,,,,
2016,Northwest,Minnesota Timberwolves,29,53,29,"$59,494,555 ","$2,051,536.38 ",0,0,,,,,,,,,,
2016,Southwest,New Orleans Pelicans,30,52,30,"$94,338,640 ","$3,144,621.33 ",0,0,,,,,,,,,,
2016,Atlantic,New York Knicks,32,50,32,"$80,469,422 ","$2,514,669.44 ",0,0,,,,,,,,,,
2016,Northwest,Oklahoma City Thunder,55,27,55,"$87,418,324 ","$1,589,424.07 ",0,0,,,,,,,,,,
2016,Southeast,Orlando Magic,35,47,35,"$102,502,863 ","$2,928,653.23 ",0,0,,,,,,,,,,
2016,Atlantic,Philadelphia 76ers,10,72,10,"$61,733,864 ","$6,173,386.40 ",0,0,,,,,,,,,,
2016,Pacific,Phoenix Suns,23,59,23,"$72,521,524 ","$3,153,109.74 ",0,0,,,,,,,,,,
2016,Northwest,Portland Trail Blazers,44,38,44,"$111,369,193 ","$2,531,118.02 ",0,0,,,,,,,,,,
2016,Pacific,Sacramento Kings,33,49,33,"$87,669,044 ","$2,656,637.70 ",0,0,,,,,,,,,,
2016,Southwest,San Antonio Spurs,67,15,67,"$105,303,720 ","$1,571,697.31 ",0,0,,,,,,,,,,
2016,Atlantic,Toronto Raptors,56,26,56,"$108,688,646 ","$1,940,868.68 ",0,0,,,,,,,,,,
2016,Northwest,Utah Jazz,40,42,40,"$80,223,192 ","$2,005,579.80 ",0,0,,,,,,,,,,
2016,Southeast,Washington Wizards,41,41,41,"$101,659,831 ","$2,479,508.07 ",0,0,,,,,,,,,,
2015,Southeast,Atlanta Hawks,60,22,60,"$71,332,945 ","$1,188,882.42 ",0,0,,,,,,,,,,
2015,Atlantic,Boston Celtics,40,42,40,"$58,250,334 ","$1,456,258.35 ",0,0,,,,,,,,,,
2015,Atlantic,Brooklyn Nets,38,44,38,"$51,712,738 ","$1,360,861.53 ",0,0,,,,,,,,,,
2015,Southeast,Charlotte Hornets,33,49,33,"$78,340,920 ","$2,373,967.27 ",0,0,,,,,,,,,,
2015,Central,Chicago Bulls,50,32,50,"$81,757,733 ","$1,635,154.66 ",0,0,,,,,,,,,,
2015,Central,Cleveland Cavaliers,53,29,53,"$106,997,466 ","$2,018,820.11 ",0,1,,,,,,,,,,
2015,Southwest,Dallas Mavericks,50,32,50,"$71,198,732 ","$1,423,974.64 ",0,0,,,,,,,,,,
2015,Northwest,Denver Nuggets,30,52,30,"$60,186,706 ","$2,006,223.53 ",0,0,,,,,,,,,,
2015,Central,Detroit Pistons,32,50,32,"$66,217,330 ","$2,069,291.56 ",0,0,,,,,,,,,,
2015,Pacific,Golden State Warriors,67,15,67,"$88,971,214 ","$1,327,928.57 ",1,1,,,,,,,,,,
2015,Southwest,Houston Rockets,56,26,56,"$75,204,953 ","$1,342,945.59 ",0,0,,,,,,,,,,
2015,Central,Indiana Pacers,38,44,38,"$66,751,826 ","$1,756,627.00 ",0,0,,,,,,,,,,
2015,Pacific,Los Angeles Clippers,56,26,56,"$94,554,340 ","$1,688,470.36 ",0,0,,,,,,,,,,
2015,Pacific,Los Angeles Lakers,21,61,21,"$71,770,430 ","$3,417,639.52 ",0,0,,,,,,,,,,
2015,Southwest,Memphis Grizzlies,55,27,55,"$76,017,172 ","$1,382,130.40 ",0,0,,,,,,,,,,
2015,Southeast,Miami Heat,37,45,37,"$82,549,106 ","$2,231,056.92 ",0,0,,,,,,,,,,
2015,Central,Milwaukee Bucks,41,41,41,"$68,656,240 ","$1,674,542.44 ",0,0,,,,,,,,,,
2015,Northwest,Minnesota Timberwolves,16,66,16,"$59,841,104 ","$3,740,069.00 ",0,0,,,,,,,,,,
2015,Southwest,New Orleans Pelicans,45,37,45,"$80,164,538 ","$1,781,434.18 ",0,0,,,,,,,,,,
2015,Atlantic,New York Knicks,17,65,17,"$79,376,308 ","$4,669,194.59 ",0,0,,,,,,,,,,
2015,Northwest,Oklahoma City Thunder,45,37,45,"$93,765,298 ","$2,083,673.29 ",0,0,,,,,,,,,,
2015,Southeast,Orlando Magic,25,57,25,"$61,108,745 ","$2,444,349.80 ",0,0,,,,,,,,,,
2015,Atlantic,Philadelphia 76ers,18,64,18,"$31,052,215 ","$1,725,123.06 ",0,0,,,,,,,,,,
2015,Pacific,Phoenix Suns,39,43,39,"$63,389,393 ","$1,625,369.05 ",0,0,,,,,,,,,,
2015,Northwest,Portland Trail Blazers,51,31,51,"$48,301,816 ","$947,094.43 ",0,0,,,,,,,,,,
2015,Pacific,Sacramento Kings,29,53,29,"$71,733,666 ","$2,473,574.69 ",0,0,,,,,,,,,,
2015,Southwest,San Antonio Spurs,55,27,55,"$85,192,733 ","$1,548,958.78 ",0,0,,,,,,,,,,
2015,Atlantic,Toronto Raptors,49,33,49,"$71,217,611 ","$1,453,420.63 ",0,0,,,,,,,,,,
2015,Northwest,Utah Jazz,38,44,38,"$63,160,091 ","$1,662,107.66 ",0,0,,,,,,,,,,
2015,Southeast,Washington Wizards,46,36,46,"$76,328,636 ","$1,659,318.17 ",0,0,,,,,,,,,,
2014,Southeast,Atlanta Hawks,38,44,38,"$57,245,276 ","$1,506,454.63 ",0,0,,,,,,,,,,
2014,Atlantic,Boston Celtics,25,57,25,"$52,905,065 ","$2,116,202.60 ",0,0,,,,,,,,,,
2014,Atlantic,Brooklyn Nets,44,38,44,"$88,024,730 ","$2,000,562.05 ",0,0,,,,,,,,,,
2014,Southeast,Charlotte Hornets,43,39,43,"$64,710,971 ","$1,504,906.30 ",0,0,,,,,,,,,,
2014,Central,Chicago Bulls,48,34,48,"$67,099,204 ","$1,397,900.08 ",0,0,,,,,,,,,,
2014,Central,Cleveland Cavaliers,33,49,33,"$80,811,761 ","$2,448,841.24 ",0,0,,,,,,,,,,
2014,Southwest,Dallas Mavericks,49,33,49,"$72,183,738 ","$1,473,137.51 ",0,0,,,,,,,,,,
2014,Northwest,Denver Nuggets,36,46,36,"$53,359,369 ","$1,482,204.69 ",0,0,,,,,,,,,,
2014,Central,Detroit Pistons,29,53,29,"$49,558,917 ","$1,708,928.17 ",0,0,,,,,,,,,,
2014,Pacific,Golden State Warriors,51,31,51,"$71,881,167 ","$1,409,434.65 ",0,0,,,,,,,,,,
2014,Southwest,Houston Rockets,54,28,54,"$71,004,520 ","$1,314,898.52 ",0,0,,,,,,,,,,
2014,Central,Indiana Pacers,56,26,56,"$74,798,942 ","$1,335,695.39 ",0,0,,,,,,,,,,
2014,Pacific,Los Angeles Clippers,57,25,57,"$77,554,797 ","$1,360,610.47 ",0,0,,,,,,,,,,
2014,Pacific,Los Angeles Lakers,27,55,27,"$59,483,328 ","$2,203,086.22 ",0,0,,,,,,,,,,
2014,Southwest,Memphis Grizzlies,50,32,50,"$73,989,079 ","$1,479,781.58 ",0,0,,,,,,,,,,
2014,Southeast,Miami Heat,54,28,54,"$75,084,575 ","$1,390,455.09 ",0,1,,,,,,,,,,
2014,Central,Milwaukee Bucks,15,67,15,"$44,560,189 ","$2,970,679.27 ",0,0,,,,,,,,,,
2014,Northwest,Minnesota Timberwolves,40,42,40,"$64,182,806 ","$1,604,570.15 ",0,0,,,,,,,,,,
2014,Southwest,New Orleans Pelicans,34,48,34,"$68,280,315 ","$2,008,244.56 ",0,0,,,,,,,,,,
2014,Atlantic,New York Knicks,37,45,37,"$54,410,045 ","$1,470,541.76 ",0,0,,,,,,,,,,
2014,Northwest,Oklahoma City Thunder,59,23,59,"$77,876,390 ","$1,319,938.81 ",0,0,,,,,,,,,,
2014,Southeast,Orlando Magic,23,59,23,"$41,311,716 ","$1,796,161.57 ",0,0,,,,,,,,,,
2014,Atlantic,Philadelphia 76ers,19,63,19,"$34,387,296 ","$1,809,857.68 ",0,0,,,,,,,,,,
2014,Pacific,Phoenix Suns,48,34,48,"$55,464,385 ","$1,155,508.02 ",0,0,,,,,,,,,,
2014,Northwest,Portland Trail Blazers,54,28,54,"$72,964,755 ","$1,351,199.17 ",0,0,,,,,,,,,,
2014,Pacific,Sacramento Kings,28,54,28,"$73,061,908 ","$2,609,353.86 ",0,0,,,,,,,,,,
2014,Southwest,San Antonio Spurs,62,20,62,"$69,028,330 ","$1,113,360.16 ",1,1,,,,,,,,,,
2014,Atlantic,Toronto Raptors,48,34,48,"$75,424,914 ","$1,571,352.38 ",0,0,,,,,,,,,,
2014,Northwest,Utah Jazz,25,57,25,"$47,940,340 ","$1,917,613.60 ",0,0,,,,,,,,,,
2014,Southeast,Washington Wizards,44,38,44,"$72,952,787 ","$1,658,017.89 ",0,0,,,,,,,,,,
2013,Southeast,Atlanta Hawks,44,38,44,"$55,517,146 ","$1,261,753.32 ",0,0,,,,,,,,,,
2013,Atlantic,Boston Celtics,41,40,42,"$69,955,361 ","$1,685,420.65 ",0,0,,,,,,,,,,
2013,Atlantic,Brooklyn Nets,49,33,49,"$102,766,374 ","$2,097,272.94 ",0,0,,,,,,,,,,
2013,Southeast,Charlotte Hornets,21,61,21,"$49,359,172 ","$2,350,436.76 ",0,0,,,,,,,,,,
2013,Central,Chicago Bulls,45,37,45,"$63,312,273 ","$1,406,939.40 ",0,0,,,,,,,,,,
2013,Central,Cleveland Cavaliers,24,58,24,"$66,063,984 ","$2,752,666.00 ",0,0,,,,,,,,,,
2013,Southwest,Dallas Mavericks,41,41,41,"$68,057,497 ","$1,659,938.95 ",0,0,,,,,,,,,,
2013,Northwest,Denver Nuggets,57,25,57,"$65,379,734 ","$1,147,012.88 ",0,0,,,,,,,,,,
2013,Central,Detroit Pistons,29,53,29,"$61,897,253 ","$2,134,388.03 ",0,0,,,,,,,,,,
2013,Pacific,Golden State Warriors,47,35,47,"$71,069,466 ","$1,512,116.30 ",0,0,,,,,,,,,,
2013,Southwest,Houston Rockets,45,37,45,"$60,308,379 ","$1,340,186.20 ",0,0,,,,,,,,,,
2013,Central,Indiana Pacers,49,32,50,"$65,850,484 ","$1,327,498.56 ",0,0,,,,,,,,,,
2013,Pacific,Los Angeles Clippers,56,26,56,"$72,099,475 ","$1,287,490.63 ",0,0,,,,,,,,,,
2013,Pacific,Los Angeles Lakers,45,37,45,"$74,858,550 ","$1,663,523.33 ",0,0,,,,,,,,,,
2013,Southwest,Memphis Grizzlies,56,26,56,"$71,361,909 ","$1,274,319.80 ",0,0,,,,,,,,,,
2013,Southeast,Miami Heat,66,16,66,"$80,541,886 ","$1,220,331.61 ",1,1,,,,,,,,,,
2013,Central,Milwaukee Bucks,38,44,38,"$47,079,048 ","$1,238,922.32 ",0,0,,,,,,,,,,
2013,Northwest,Minnesota Timberwolves,31,51,31,"$66,354,404 ","$2,140,464.65 ",0,0,,,,,,,,,,
2013,Southwest,New Orleans Pelicans,27,55,27,"$62,235,672 ","$2,305,024.89 ",0,0,,,,,,,,,,
2013,Atlantic,New York Knicks,54,28,54,"$85,994,825 ","$1,592,496.76 ",0,0,,,,,,,,,,
2013,Northwest,Oklahoma City Thunder,60,22,60,"$70,488,245 ","$1,174,804.08 ",0,0,,,,,,,,,,
2013,Southeast,Orlando Magic,20,62,20,"$34,022,974 ","$1,701,148.70 ",0,0,,,,,,,,,,
2013,Atlantic,Philadelphia 76ers,34,48,34,"$27,287,899 ","$802,585.26 ",0,0,,,,,,,,,,
2013,Pacific,Phoenix Suns,25,57,25,"$47,314,683 ","$1,892,587.32 ",0,0,,,,,,,,,,
2013,Northwest,Portland Trail Blazers,33,49,33,"$62,599,372 ","$1,896,950.67 ",0,0,,,,,,,,,,
2013,Pacific,Sacramento Kings,28,54,28,"$58,206,752 ","$2,078,812.57 ",0,0,,,,,,,,,,
2013,Southwest,San Antonio Spurs,58,24,58,"$63,171,742 ","$1,089,167.97 ",0,1,,,,,,,,,,
2013,Atlantic,Toronto Raptors,34,48,34,"$63,206,362 ","$1,859,010.65 ",0,0,,,,,,,,,,
2013,Northwest,Utah Jazz,43,39,43,"$47,893,335 ","$1,113,798.49 ",0,0,,,,,,,,,,
2013,Southeast,Washington Wizards,29,53,29,"$63,807,197 ","$2,200,248.17 ",0,0,,,,,,,,,,
2012,Southeast,Atlanta Hawks,40,26,50,"$63,620,146 ","$1,280,161.47 ",0,0,,,,,,,,,,
2012,Atlantic,Boston Celtics,39,27,48,"$70,261,284 ","$1,450,045.26 ",0,0,,,,,,,,,,
2012,Atlantic,Brooklyn Nets,22,44,27,"$83,048,918 ","$3,038,375.05 ",0,0,,,,,,,,,,
2012,Southeast,Charlotte Hornets,7,59,9,"$57,257,078 ","$6,583,566.46 ",0,0,,,,,,,,,,
2012,Central,Chicago Bulls,50,16,62,"$74,105,866 ","$1,192,923.70 ",0,0,,,,,,,,,,
2012,Central,Cleveland Cavaliers,21,45,26,"$49,406,697 ","$1,893,636.47 ",0,0,,,,,,,,,,
2012,Southwest,Dallas Mavericks,36,30,45,"$58,996,275 ","$1,319,022.41 ",0,0,,,,,,,,,,
2012,Northwest,Denver Nuggets,38,28,47,"$63,970,222 ","$1,354,953.35 ",0,0,,,,,,,,,,
2012,Central,Detroit Pistons,25,41,31,"$62,495,969 ","$2,012,065.34 ",0,0,,,,,,,,,,
2012,Pacific,Golden State Warriors,23,43,29,"$69,667,990 ","$2,438,010.25 ",0,0,,,,,,,,,,
2012,Southwest,Houston Rockets,34,32,42,"$44,545,613 ","$1,054,523.12 ",0,0,,,,,,,,,,
2012,Central,Indiana Pacers,42,24,52,"$66,225,684 ","$1,269,133.32 ",0,0,,,,,,,,,,
2012,Pacific,Los Angeles Clippers,40,26,50,"$68,400,718 ","$1,376,355.91 ",0,0,,,,,,,,,,
2012,Pacific,Los Angeles Lakers,41,25,51,"$99,646,980 ","$1,956,187.00 ",0,0,,,,,,,,,,
2012,Southwest,Memphis Grizzlies,41,25,51,"$62,366,281 ","$1,224,323.18 ",0,0,,,,,,,,,,
2012,Southeast,Miami Heat,46,20,57,"$80,736,455 ","$1,412,673.92 ",1,1,,,,,,,,,,
2012,Central,Milwaukee Bucks,31,35,39,"$61,658,839 ","$1,600,898.26 ",0,0,,,,,,,,,,
2012,Northwest,Minnesota Timberwolves,26,40,32,"$60,238,958 ","$1,864,808.27 ",0,0,,,,,,,,,,
2012,Southwest,New Orleans Pelicans,21,45,26,"$46,311,220 ","$1,774,994.49 ",0,0,,,,,,,,,,
2012,Atlantic,New York Knicks,36,30,45,"$74,741,057 ","$1,671,039.89 ",0,0,,,,,,,,,,
2012,Northwest,Oklahoma City Thunder,47,19,58,"$68,057,854 ","$1,165,495.16 ",0,1,,,,,,,,,,
2012,Southeast,Orlando Magic,37,29,46,"$57,651,721 ","$1,254,124.45 ",0,0,,,,,,,,,,
2012,Atlantic,Philadelphia 76ers,35,31,43,"$63,742,383 ","$1,465,852.71 ",0,0,,,,,,,,,,
2012,Pacific,Phoenix Suns,33,33,41,"$51,913,298 ","$1,266,178.00 ",0,0,,,,,,,,,,
2012,Northwest,Portland Trail Blazers,28,38,35,"$54,632,812 ","$1,570,455.40 ",0,0,,,,,,,,,,
2012,Pacific,Sacramento Kings,22,44,27,"$51,000,236 ","$1,865,862.29 ",0,0,,,,,,,,,,
2012,Southwest,San Antonio Spurs,50,16,62,"$69,407,505 ","$1,117,291.54 ",0,0,,,,,,,,,,
2012,Atlantic,Toronto Raptors,23,43,29,"$67,088,346 ","$2,347,736.39 ",0,0,,,,,,,,,,
2012,Northwest,Utah Jazz,36,30,45,"$63,344,192 ","$1,416,231.93 ",0,0,,,,,,,,,,
2012,Southeast,Washington Wizards,20,46,25,"$57,506,990 ","$2,314,305.70 ",0,0,,,,,,,,,,
2011,Southeast,Atlanta Hawks,44,38,44,"$71,583,096 ","$1,626,888.55 ",0,0,,,,,,,,,,
2011,Atlantic,Boston Celtics,56,26,56,"$76,053,505 ","$1,358,098.30 ",0,0,,,,,,,,,,
2011,Atlantic,Brooklyn Nets,24,58,24,"$47,743,918 ","$1,989,329.92 ",0,0,,,,,,,,,,
2011,Southeast,Charlotte Hornets,34,48,34,"$57,917,825 ","$1,703,465.44 ",0,0,,,,,,,,,,
2011,Central,Chicago Bulls,62,20,62,"$68,873,614 ","$1,110,864.74 ",0,0,,,,,,,,,,
2011,Central,Cleveland Cavaliers,19,63,19,"$48,030,927 ","$2,527,943.53 ",0,0,,,,,,,,,,
2011,Southwest,Dallas Mavericks,57,25,57,"$74,325,300 ","$1,303,952.63 ",1,1,,,,,,,,,,
2011,Northwest,Denver Nuggets,50,32,50,"$52,473,071 ","$1,049,461.42 ",0,0,,,,,,,,,,
2011,Central,Detroit Pistons,30,52,30,"$57,872,787 ","$1,929,092.90 ",0,0,,,,,,,,,,
2011,Pacific,Golden State Warriors,36,46,36,"$56,555,931 ","$1,570,998.08 ",0,0,,,,,,,,,,
2011,Southwest,Houston Rockets,43,39,43,"$43,714,664 ","$1,016,620.09 ",0,0,,,,,,,,,,
2011,Central,Indiana Pacers,37,45,37,"$44,413,746 ","$1,200,371.51 ",0,0,,,,,,,,,,
2011,Pacific,Los Angeles Clippers,32,50,32,"$68,433,967 ","$2,138,561.47 ",0,0,,,,,,,,,,
2011,Pacific,Los Angeles Lakers,57,25,57,"$81,371,048 ","$1,427,562.25 ",0,0,,,,,,,,,,
2011,Southwest,Memphis Grizzlies,46,36,46,"$67,634,641 ","$1,470,318.28 ",0,0,,,,,,,,,,
2011,Southeast,Miami Heat,58,24,58,"$73,036,309 ","$1,259,246.71 ",0,1,,,,,,,,,,
2011,Central,Milwaukee Bucks,35,47,35,"$65,940,004 ","$1,884,000.11 ",0,0,,,,,,,,,,
2011,Northwest,Minnesota Timberwolves,17,65,17,"$55,406,532 ","$3,259,207.76 ",0,0,,,,,,,,,,
2011,Southwest,New Orleans Pelicans,46,36,46,"$54,965,856 ","$1,194,909.91 ",0,0,,,,,,,,,,
2011,Atlantic,New York Knicks,42,40,42,"$60,549,804 ","$1,441,662.00 ",0,0,,,,,,,,,,
2011,Northwest,Oklahoma City Thunder,55,27,55,"$56,856,253 ","$1,033,750.05 ",0,0,,,,,,,,,,
2011,Southeast,Orlando Magic,52,30,52,"$68,849,150 ","$1,324,022.12 ",0,0,,,,,,,,,,
2011,Atlantic,Philadelphia 76ers,41,41,41,"$57,855,224 ","$1,411,103.02 ",0,0,,,,,,,,,,
2011,Pacific,Phoenix Suns,40,42,40,"$56,292,681 ","$1,407,317.03 ",0,0,,,,,,,,,,
2011,Northwest,Portland Trail Blazers,48,34,48,"$64,247,715 ","$1,338,494.06 ",0,0,,,,,,,,,,
2011,Pacific,Sacramento Kings,24,58,24,"$36,583,409 ","$1,524,308.71 ",0,0,,,,,,,,,,
2011,Southwest,San Antonio Spurs,61,21,61,"$70,626,485 ","$1,157,811.23 ",0,0,,,,,,,,,,
2011,Atlantic,Toronto Raptors,22,60,22,"$50,693,030 ","$2,304,228.64 ",0,0,,,,,,,,,,
2011,Northwest,Utah Jazz,39,43,39,"$58,114,489 ","$1,490,115.10 ",0,0,,,,,,,,,,
2011,Southeast,Washington Wizards,23,59,23,"$66,770,575 ","$2,903,068.48 ",0,0,,,,,,,,,,
2010,Southeast,Atlanta Hawks,53,29,53,"$69,470,010 ","$1,310,754.91 ",0,0,,,,,,,,,,
2010,Atlantic,Boston Celtics,50,32,50,"$68,475,297 ","$1,369,505.94 ",0,1,,,,,,,,,,
2010,Atlantic,Brooklyn Nets,12,70,12,"$30,081,113 ","$2,506,759.42 ",0,0,,,,,,,,,,
2010,Southeast,Charlotte Hornets,44,38,44,"$66,474,367 ","$1,510,781.07 ",0,0,,,,,,,,,,
2010,Central,Chicago Bulls,41,41,41,"$54,762,711 ","$1,335,675.88 ",0,0,,,,,,,,,,
2010,Central,Cleveland Cavaliers,61,21,61,"$48,148,715 ","$789,323.20 ",0,0,,,,,,,,,,
2010,Southwest,Dallas Mavericks,55,27,55,"$86,572,655 ","$1,574,048.27 ",0,0,,,,,,,,,,
2010,Northwest,Denver Nuggets,53,29,53,"$83,866,762 ","$1,582,391.74 ",0,0,,,,,,,,,,
2010,Central,Detroit Pistons,27,55,27,"$63,784,230 ","$2,362,378.89 ",0,0,,,,,,,,,,
2010,Pacific,Golden State Warriors,26,56,26,"$69,339,251 ","$2,666,894.27 ",0,0,,,,,,,,,,
2010,Southwest,Houston Rockets,42,40,42,"$68,517,503 ","$1,631,369.12 ",0,0,,,,,,,,,,
2010,Central,Indiana Pacers,32,50,32,"$43,285,121 ","$1,352,660.03 ",0,0,,,,,,,,,,
2010,Pacific,Los Angeles Clippers,29,53,29,"$43,773,006 ","$1,509,414.00 ",0,0,,,,,,,,,,
2010,Pacific,Los Angeles Lakers,57,25,57,"$89,617,037 ","$1,572,228.72 ",1,1,,,,,,,,,,
2010,Southwest,Memphis Grizzlies,40,42,40,"$63,223,932 ","$1,580,598.30 ",0,0,,,,,,,,,,
2010,Southeast,Miami Heat,47,35,47,"$63,181,658 ","$1,344,290.60 ",0,0,,,,,,,,,,
2010,Central,Milwaukee Bucks,46,36,46,"$67,366,734 ","$1,464,494.22 ",0,0,,,,,,,,,,
2010,Northwest,Minnesota Timberwolves,15,67,15,"$45,057,768 ","$3,003,851.20 ",0,0,,,,,,,,,,
2010,Southwest,New Orleans Pelicans,37,45,37,"$62,394,980 ","$1,686,350.81 ",0,0,,,,,,,,,,
2010,Atlantic,New York Knicks,29,53,29,"$45,236,959 ","$1,559,895.14 ",0,0,,,,,,,,,,
2010,Northwest,Oklahoma City Thunder,50,32,50,"$59,087,679 ","$1,181,753.58 ",0,0,,,,,,,,,,
2010,Southeast,Orlando Magic,59,23,59,"$88,497,177 ","$1,499,952.15 ",0,0,,,,,,,,,,
2010,Atlantic,Philadelphia 76ers,27,55,27,"$49,431,213 ","$1,830,785.67 ",0,0,,,,,,,,,,
2010,Pacific,Phoenix Suns,54,28,54,"$66,852,030 ","$1,238,000.56 ",0,0,,,,,,,,,,
2010,Northwest,Portland Trail Blazers,50,32,50,"$66,664,518 ","$1,333,290.36 ",0,0,,,,,,,,,,
2010,Pacific,Sacramento Kings,25,57,25,"$40,838,272 ","$1,633,530.88 ",0,0,,,,,,,,,,
2010,Southwest,San Antonio Spurs,50,32,50,"$68,355,262 ","$1,367,105.24 ",0,0,,,,,,,,,,
2010,Atlantic,Toronto Raptors,40,42,40,"$54,280,455 ","$1,357,011.38 ",0,0,,,,,,,,,,
2010,Northwest,Utah Jazz,53,29,53,"$90,129,071 ","$1,700,548.51 ",0,0,,,,,,,,,,
2010,Southeast,Washington Wizards,26,56,26,"$42,102,042 ","$1,619,309.31 ",0,0,,,,,,,,,,
2009,Southeast,Atlanta Hawks,47,35,47," $60,111,388.00 ","$1,278,965.70 ",0,0,,,,,,,,,,
2009,Atlantic,Boston Celtics,62,20,62," $82,635,015.00 ","$1,332,822.82 ",0,0,,,,,,,,,,
2009,Atlantic,Brooklyn Nets,34,48,34," $23,272,806.00 ","$684,494.29 ",0,0,,,,,,,,,,
2009,Southeast,Charlotte Hornets,35,47,35," $71,190,422.00 ","$2,034,012.06 ",0,0,,,,,,,,,,
2009,Central,Chicago Bulls,41,41,41," $35,728,322.00 ","$871,422.49 ",0,0,,,,,,,,,,
2009,Central,Cleveland Cavaliers,66,16,66," $71,056,295.00 ","$1,076,610.53 ",0,0,,,,,,,,,,
2009,Southwest,Dallas Mavericks,50,32,50," $81,909,620.00 ","$1,638,192.40 ",0,0,,,,,,,,,,
2009,Northwest,Denver Nuggets,54,28,54," $69,684,808.00 ","$1,290,459.41 ",0,0,,,,,,,,,,
2009,Central,Detroit Pistons,39,43,39," $57,828,245.00 ","$1,482,775.51 ",0,0,,,,,,,,,,
2009,Pacific,Golden State Warriors,29,53,29," $60,814,062.00 ","$2,097,036.62 ",0,0,,,,,,,,,,
2009,Southwest,Houston Rockets,53,29,53," $64,805,690.00 ","$1,222,748.87 ",0,0,,,,,,,,,,
2009,Central,Indiana Pacers,36,46,36," $63,426,996.00 ","$1,761,861.00 ",0,0,,,,,,,,,,
2009,Pacific,Los Angeles Clippers,19,63,19," $44,924,919.00 ","$2,364,469.42 ",0,0,,,,,,,,,,
2009,Pacific,Los Angeles Lakers,65,17,65," $85,422,803.00 ","$1,314,196.97 ",1,1,,,,,,,,,,
2009,Southwest,Memphis Grizzlies,24,58,24," $42,258,497.00 ","$1,760,770.71 ",0,0,,,,,,,,,,
2009,Southeast,Miami Heat,43,39,43," $66,902,444.00 ","$1,555,870.79 ",0,0,,,,,,,,,,
2009,Central,Milwaukee Bucks,34,48,34," $52,427,126.00 ","$1,541,974.29 ",0,0,,,,,,,,,,
2009,Northwest,Minnesota Timberwolves,24,58,24," $37,810,292.00 ","$1,575,428.83 ",0,0,,,,,,,,,,
2009,Southwest,New Orleans Pelicans,49,33,49," $37,330,128.00 ","$761,839.35 ",0,0,,,,,,,,,,
2009,Atlantic,New York Knicks,32,50,32," $63,254,588.00 ","$1,976,705.88 ",0,0,,,,,,,,,,
2009,Northwest,Oklahoma City Thunder,23,59,23," $29,975,723.00 ","$1,303,292.30 ",0,0,,,,,,,,,,
2009,Southeast,Orlando Magic,59,23,59," $60,336,968.00 ","$1,022,660.47 ",0,1,,,,,,,,,,
2009,Atlantic,Philadelphia 76ers,41,41,41," $57,836,191.00 ","$1,410,638.80 ",0,0,,,,,,,,,,
2009,Pacific,Phoenix Suns,46,36,46," $62,394,874.00 ","$1,356,410.30 ",0,0,,,,,,,,,,
2009,Northwest,Portland Trail Blazers,54,28,54," $48,188,401.00 ","$892,377.80 ",0,0,,,,,,,,,,
2009,Pacific,Sacramento Kings,17,65,17," $38,458,365.00 ","$2,262,256.76 ",0,0,,,,,,,,,,
2009,Southwest,San Antonio Spurs,54,28,54," $68,168,843.00 ","$1,262,385.98 ",0,0,,,,,,,,,,
2009,Atlantic,Toronto Raptors,33,49,33," $59,502,612.00 ","$1,803,109.45 ",0,0,,,,,,,,,,
2009,Northwest,Utah Jazz,48,34,48," $66,949,946.00 ","$1,394,790.54 ",0,0,,,,,,,,,,
2009,Southeast,Washington Wizards,19,63,19," $65,564,593.00 ","$3,450,768.05 ",0,0,,,,,,,,,,
2008,Southeast,Atlanta Hawks,37,45,37,"$52,879,033 ","$1,429,163.05 ",0,0,,,,,,,,,,
2008,Atlantic,Boston Celtics,66,16,66,"$89,123,139 ","$1,350,350.59 ",1,1,,,,,,,,,,
2008,Atlantic,Brooklyn Nets,34,48,34,"$33,188,295 ","$976,126.32 ",0,0,,,,,,,,,,
2008,Southeast,Charlotte Hornets,32,50,32,"$54,944,177 ","$1,717,005.53 ",0,0,,,,,,,,,,
2008,Central,Chicago Bulls,33,49,33,"$56,973,427 ","$1,726,467.48 ",0,0,,,,,,,,,,
2008,Central,Cleveland Cavaliers,45,37,45,"$44,419,156 ","$987,092.36 ",0,0,,,,,,,,,,
2008,Southwest,Dallas Mavericks,51,31,51,"$82,749,671 ","$1,622,542.57 ",0,0,,,,,,,,,,
2008,Northwest,Denver Nuggets,50,32,50,"$61,289,661 ","$1,225,793.22 ",0,0,,,,,,,,,,
2008,Central,Detroit Pistons,59,23,59,"$54,812,060 ","$929,017.97 ",0,0,,,,,,,,,,
2008,Pacific,Golden State Warriors,48,34,48,"$61,734,951 ","$1,286,144.81 ",0,0,,,,,,,,,,
2008,Southwest,Houston Rockets,55,27,55,"$60,200,884 ","$1,094,561.53 ",0,0,,,,,,,,,,
2008,Central,Indiana Pacers,36,46,36,"$52,424,689 ","$1,456,241.36 ",0,0,,,,,,,,,,
2008,Pacific,Los Angeles Clippers,23,59,23,"$50,098,965 ","$2,178,215.87 ",0,0,,,,,,,,,,
2008,Pacific,Los Angeles Lakers,57,25,57,"$72,543,177 ","$1,272,687.32 ",0,1,,,,,,,,,,
2008,Southwest,Memphis Grizzlies,22,60,22,"$33,135,989 ","$1,506,181.32 ",0,0,,,,,,,,,,
2008,Southeast,Miami Heat,15,67,15,"$55,980,093 ","$3,732,006.20 ",0,0,,,,,,,,,,
2008,Central,Milwaukee Bucks,26,56,26,"$54,669,997 ","$2,102,692.19 ",0,0,,,,,,,,,,
2008,Northwest,Minnesota Timberwolves,22,60,22,"$40,186,575 ","$1,826,662.50 ",0,0,,,,,,,,,,
2008,Southwest,New Orleans Pelicans,56,26,56,"$39,226,589 ","$700,474.80 ",0,0,,,,,,,,,,
2008,Atlantic,New York Knicks,23,59,23,"$58,017,521 ","$2,522,500.91 ",0,0,,,,,,,,,,
2008,Northwest,Oklahoma City Thunder,20,62,20,"$33,050,600 ","$1,652,530.00 ",0,0,,,,,,,,,,
2008,Southeast,Orlando Magic,52,30,52,"$42,549,677 ","$818,263.02 ",0,0,,,,,,,,,,
2008,Atlantic,Philadelphia 76ers,40,42,40,"$64,849,779 ","$1,621,244.48 ",0,0,,,,,,,,,,
2008,Pacific,Phoenix Suns,55,27,55,"$83,649,470 ","$1,520,899.45 ",0,0,,,,,,,,,,
2008,Northwest,Portland Trail Blazers,41,41,41,"$37,256,572 ","$908,696.88 ",0,0,,,,,,,,,,
2008,Pacific,Sacramento Kings,38,44,38,"$27,554,572 ","$725,120.32 ",0,0,,,,,,,,,,
2008,Southwest,San Antonio Spurs,56,26,56,"$54,874,330 ","$979,898.75 ",0,0,,,,,,,,,,
2008,Atlantic,Toronto Raptors,41,41,41,"$50,368,371 ","$1,228,496.85 ",0,0,,,,,,,,,,
2008,Northwest,Utah Jazz,54,28,54,"$45,174,977 ","$836,573.65 ",0,0,,,,,,,,,,
2008,Southeast,Washington Wizards,43,39,43,"$66,918,499 ","$1,556,244.16 ",0,0,,,,,,,,,,
2007,Southeast,Atlanta Hawks,30,52,30,"$45,075,209 ","$1,502,506.97 ",0,0,,,,,,,,,,
2007,Atlantic,Boston Celtics,24,58,24,"$62,338,844 ","$2,597,451.83 ",1,1,,,,,,,,,,
2007,Atlantic,Brooklyn Nets,41,41,41,"$28,640,400 ","$698,546.34 ",0,0,,,,,,,,,,
2007,Southeast,Charlotte Hornets,33,49,33,"$46,107,393 ","$1,397,193.73 ",0,0,,,,,,,,,,
2007,Central,Chicago Bulls,49,33,49,"$65,570,671 ","$1,338,176.96 ",0,0,,,,,,,,,,
2007,Central,Cleveland Cavaliers,50,32,50,"$33,476,862 ","$669,537.24 ",0,0,,,,,,,,,,
2007,Southwest,Dallas Mavericks,67,15,67,"$83,941,638 ","$1,252,860.27 ",0,0,,,,,,,,,,
2007,Northwest,Denver Nuggets,45,37,45,"$71,539,177 ","$1,589,759.49 ",0,0,,,,,,,,,,
2007,Central,Detroit Pistons,53,29,53,"$42,271,667 ","$797,578.62 ",0,0,,,,,,,,,,
2007,Pacific,Golden State Warriors,42,40,42,"$49,624,943 ","$1,181,546.26 ",0,0,,,,,,,,,,
2007,Southwest,Houston Rockets,52,30,52,"$51,398,861 ","$988,439.63 ",0,0,,,,,,,,,,
2007,Central,Indiana Pacers,35,47,35,"$63,061,457 ","$1,801,755.91 ",0,0,,,,,,,,,,
2007,Pacific,Los Angeles Clippers,40,42,40,"$35,398,883 ","$884,972.08 ",0,0,,,,,,,,,,
2007,Pacific,Los Angeles Lakers,42,40,42,"$68,508,591 ","$1,631,156.93 ",0,1,,,,,,,,,,
2007,Southwest,Memphis Grizzlies,22,60,22,"$37,607,819 ","$1,709,446.32 ",0,0,,,,,,,,,,
2007,Southeast,Miami Heat,44,38,44,"$44,467,882 ","$1,010,633.68 ",0,0,,,,,,,,,,
2007,Central,Milwaukee Bucks,28,54,28,"$31,174,293 ","$1,113,367.61 ",0,0,,,,,,,,,,
2007,Northwest,Minnesota Timberwolves,32,50,32,"$27,193,471 ","$849,795.97 ",0,0,,,,,,,,,,
2007,Southwest,New Orleans Pelicans,39,43,39,"$33,951,527 ","$870,551.97 ",0,0,,,,,,,,,,
2007,Atlantic,New York Knicks,33,49,33,"$59,476,616 ","$1,802,321.70 ",0,0,,,,,,,,,,
2007,Northwest,Oklahoma City Thunder,31,51,31,"$60,676,400 ","$1,957,303.23 ",0,0,,,,,,,,,,
2007,Southeast,Orlando Magic,40,42,40,"$23,364,106 ","$584,102.65 ",0,0,,,,,,,,,,
2007,Atlantic,Philadelphia 76ers,35,47,35,"$34,358,181 ","$981,662.31 ",0,0,,,,,,,,,,
2007,Pacific,Phoenix Suns,61,21,61,"$66,317,775 ","$1,087,176.64 ",0,0,,,,,,,,,,
2007,Northwest,Portland Trail Blazers,32,50,32,"$34,675,538 ","$1,083,610.56 ",0,0,,,,,,,,,,
2007,Pacific,Sacramento Kings,33,49,33,"$21,119,570 ","$639,986.97 ",0,0,,,,,,,,,,
2007,Southwest,San Antonio Spurs,58,24,58,"$53,620,296 ","$924,487.86 ",0,0,,,,,,,,,,
2007,Atlantic,Toronto Raptors,47,35,47,"$23,874,934 ","$507,977.32 ",0,0,,,,,,,,,,
2007,Northwest,Utah Jazz,51,31,51,"$38,429,229 ","$753,514.29 ",0,0,,,,,,,,,,
2007,Southeast,Washington Wizards,41,41,41,"$63,636,105 ","$1,552,100.12 ",0,0,,,,,,,,,,
,,,,,,,,,,,,,,,,,,,
,,,,,,,,,,,,,,,,,,,
,,,,,,,,,,,,,,,,,,,
,,,,,,,,,,,,,,,,,,,
,,,,,,,,,,,,,,,,,,,
,,,,,,,,,,,,,,,,,,,
,,,,,,,,,,,,,,,,,,,
,,,,,,,,,,,,,,,,,,,
,,,,,,,,,,,,,,,,,,,
,,,,,,,,,,,,,,,,,,,
,,,,,,,,,,,,,,,,,,,
,,,,,,,,,,,,,,,,,,,
,,,,,,,,,,,,,,,,,,,
,,,,,,,,,,,,,,,,,,,
,,,,,,,,,,,,,,,,,,,
,,,,,,,,,,,,,,,,,,,
,,,,,,,,,,,,,,,,,,,
,,,,,,,,,,,,,,,,,,,
,,,,,,,,,,,,,,,,,,,
,,,,,,,,,,,,,,,,,,,
,,,,,,,,,,,,,,,,,,,
,,,,,,,,,,,,,,,,,,,
,,,,,,,,,,,,,,,,,,,
,,,,,,,,,,,,,,,,,,,
,,,,,,,,,,,,,,,,,,,
,,,,,,,,,,,,,,,,,,,
,,,,,,,,,,,,,,,,,,,
,,,,,,,,,,,,,,,,,,,
,,,,,,,,,,,,,,,,,,,
,,,,,,,,,,,,,,,,,,,
,,,,,,,,,,,,,,,,,,,
,,,,,,,,,,,,,,,,,,,
,,,,,,,,,,,,,,,,,,,
,,,,,,,,,,,,,,,,,,,
,,,,,,,,,,,,,,,,,,,
,,,,,,,,,,,,,,,,,,,
,,,,,,,,,,,,,,,,,,,
,,,,,,,,,,,,,,,,,,,
,,,,,,,,,,,,,,,,,,,
,,,,,,,,,,,,,,,,,,,
,,,,,,,,,,,,,,,,,,,
,,,,,,,,,,,,,,,,,,,
,,,,,,,,,,,,,,,,,,,
,,,,,,,,,,,,,,,,,,,
,,,,,,,,,,,,,,,,,,,
,,,,,,,,,,,,,,,,,,,
,,,,,,,,,,,,,,,,,,,
,,,,,,,,,,,,,,,,,,,
,,,,,,,,,,,,,,,,,,,
,,,,,,,,,,,,,,,,,,,
,,,,,,,,,,,,,,,,,,,
,,,,,,,,,,,,,,,,,,,
,,,,,,,,,,,,,,,,,,,
,,,,,,,,,,,,,,,,,,,
,,,,,,,,,,,,,,,,,,,
,,,,,,,,,,,,,,,,,,,
,,,,,,,,,,,,,,,,,,,
,,,,,,,,,,,,,,,,,,,
,,,,,,,,,,,,,,,,,,,
,,,,,,,,,,,,,,,,,,,